Name,MovieCategory,Source,mood,cluster_predicted
Arth,Drama,https://www.youtube.com/watch?v=E5zaXLDYt8E,bored,2
Saaransh,Drama,https://www.dailymotion.com/video/xhpgqf,happy,3
Parinda,Drama,https://m.youtube.com/watch?v=ye23ozGDglA,happy,3
Lamhe,Drama,https://www.youtube.com/watch?v=r0Ov7pthyZ0,sad,0
Hum Aapke Hain Koun..!,Drama,https://www.youtube.com/watch?v=n6FzuYNJ0V4,bored,5
Dil Se..,Drama,https://www.youtube.com/watch?v=1V8hWtC509I,sad,1
Teesri Manzil,Thriller,https://www.youtube.com/watch?v=zBiXElqdJec,sad,0
Khoj,Thriller,https://www.youtube.com/watch?v=YAcZfF-g9EU,happy,4
Baazigar,Thriller,https://www.youtube.com/watch?v=FacrW7dBTco,bored,2
Gupt,Thriller,https://www.youtube.com/watch?v=9RSapEa_gSI,sad,1
Aur Kaun,Thriller,https://www.youtube.com/watch?v=RGsy6Axs8V8,bored,2
Raat,Thriller,https://www.youtube.com/watch?v=3IGNAmHMxJc,happy,3
Disco Dancer,Musical,https://m.youtube.com/watch?v=vj6oKpcK8mU ,sad,1
Qayamat Se Qayamat Tak,Musical,https://www.youtube.com/watch?v=L1Wpbw8mmks,happy,4
Dil To Pagal Hai,Musical,https://www.youtube.com/watch?v=-VKeP8WKZiU,sad,1
Taal,Musical,https://www.youtube.com/watch?v=ig634kloH-s,sad,0
Hum Dil De Chuke Sanam,Musical,https://www.youtube.com/watch?v=ITTQHc6_uRw,happy,4
Masoom,Family,https://www.youtube.com/watch?v=g8KyTfOJ8Ww,happy,4
Hum Saath-Saath Hain,Family,https://www.youtube.com/watch?v=gQjUgIKhRGQ,happy,4
Raja Hindustani,Family,https://www.youtube.com/watch?v=xtqog_hNsjA,sad,0
Biwi No.1,Family,https://www.youtube.com/watch?v=qsIgujNixQM,bored,5
Lagaan,Family,https://www.youtube.com/watch?v=ZpXgQV2t-28,happy,4
Hum Hain Rahi Pyar Ke,Family,https://www.youtube.com/watch?v=k-kblZITD2A,happy,4
Purana Mandir,Horror,https://www.youtube.com/watch?v=X400ruYdui0,happy,4
Veerana,Horror,https://www.youtube.com/watch?v=sqWh4jzemQo,sad,0
Bhoot,Horror,https://www.youtube.com/watch?v=nXsTxaHmmTo,bored,5
Darna Mana Hai,Horror,https://www.youtube.com/watch?v=AwRrWyK6gls,bored,2
Chupke Chupke,Comedy,https://www.youtube.com/watch?v=8lprjCd21ig,bored,2
Gol Maal,Comedy,https://www.youtube.com/watch?v=2po8kELDZY8,sad,1
Angoor,Comedy,https://www.youtube.com/watch?v=5B8ZMxxfQ1E,bored,2
Chashme Buddoor,Comedy,https://www.youtube.com/watch?v=beHF6uxhzZA,bored,5
Andaz Apna  Apna,Comedy,https://www.youtube.com/watch?v=49Wta-qwGfI,bored,2
